label,count,avg_hold_time_days,percentage
Collector,18959,134.7090646150307,68.37
Flipper,1117,0.22674600344569865,4.03
Swing Trader,7655,1.597305275546968,27.6
